{"cameraMode":{"drawMode":0,"name":"Shaded","section":"Shading Mode"},"sceneLighting":true,"audioPlay":false,"sceneViewState":{"m_AlwaysRefresh":false,"showFog":true,"showSkybox":true,"showFlares":true,"showImageEffects":true,"showParticleSystems":true,"showVisualEffectGraphs":true,"m_FxEnabled":true},"in2DMode":false,"pivot":{"x":8.533961296081543,"y":23.13330078125,"z":-26.310279846191408},"rotation":{"x":-0.01644386164844036,"y":-0.005188458599150181,"z":-0.0000632868759566918,"w":0.9998464584350586},"size":47.073020935058597,"orthographic":false}